c_value,vertex_count,triangle_count,num_components,median_area,min_angle,max_angle,avg_angle,min_aspect_ratio,max_aspect_ratio,avg_aspect_ratio,max_implicit_error,avg_implicit_error,max_euclidean_error,avg_euclidean_error,regular_vertex_pct,interior_vertices,extraction_time_ms,metrics_time_ms
-0.100000,3568,3021,1,0.009136,0.231547,156.978271,60.000263,2.000497,486.954346,7.718229,0.006504,0.004503,0.009287,0.001073,0.000000,0,32.11,1.96
-0.090000,3584,3056,1,0.009409,0.753035,153.305618,60.000050,2.001237,135.372986,4.764868,0.006502,0.004515,0.009509,0.001103,0.000000,0,30.90,1.31
-0.080000,3584,3056,1,0.009157,1.770120,153.305588,60.000145,2.001271,60.266426,3.889518,0.006501,0.004558,0.009006,0.001145,0.000000,0,21.39,1.10
-0.070000,3584,3056,1,0.009248,2.044496,153.305527,60.000183,2.003549,46.529854,3.763608,0.006504,0.004547,0.007672,0.001158,0.000000,0,19.60,1.05
-0.060000,3584,3056,1,0.009348,1.217561,153.305649,60.000233,2.002408,75.159409,3.939188,0.006498,0.004482,0.006976,0.001140,0.000000,0,19.36,1.08
-0.050000,3584,3056,1,0.009160,0.379492,153.305557,60.000122,2.001646,233.070984,5.246450,0.006503,0.004363,0.007729,0.001093,0.000000,0,19.01,1.06
-0.040000,3612,3098,1,0.009470,0.481733,154.890625,60.000343,1.999999,236.587860,5.352133,0.006503,0.004269,0.007932,0.001090,0.000000,0,19.08,1.02
-0.030000,3612,3098,1,0.009405,1.339253,154.890457,60.000271,1.999999,86.498268,4.346597,0.006499,0.004244,0.011956,0.001121,0.000000,0,18.15,1.05
-0.020000,3612,3098,1,0.009209,2.180052,154.890732,60.000282,1.999999,60.200264,4.463713,0.006504,0.004160,0.016131,0.001108,0.000000,0,19.44,1.12
-0.010000,3612,3098,1,0.009581,1.370736,154.890366,60.000027,2.000000,93.175285,5.187071,0.006500,0.004020,0.016057,0.001050,0.000000,0,19.80,1.10
-0.000000,3612,3098,1,0.009263,0.545364,154.890686,60.000134,2.000000,228.361740,8.428761,0.006501,0.003822,0.009382,0.000944,0.000000,0,18.78,1.05
0.010000,3880,3220,1,0.008806,0.271242,174.607971,60.000233,1.999999,1806.696411,14.063499,0.006503,0.003561,0.006943,0.000880,0.000000,0,20.69,1.10
0.020000,3880,3220,1,0.008862,1.057584,174.608032,60.000206,1.999999,588.708130,6.255705,0.006495,0.003874,0.014592,0.001062,0.000000,0,20.22,1.08
0.030000,3880,3220,1,0.009051,1.856567,174.607880,60.000206,2.000000,456.463074,5.358938,0.006503,0.004011,0.016395,0.001136,0.000000,0,20.28,1.13
0.040000,3880,3220,1,0.008924,1.315071,174.607910,60.000244,1.999999,493.056763,5.495844,0.006500,0.003972,0.013452,0.001113,0.000000,0,20.32,1.12
0.050000,3880,3220,1,0.009261,0.600357,174.607666,60.000160,1.999999,825.144043,7.276881,0.006500,0.003756,0.007872,0.000997,0.000000,0,20.06,1.18
0.060000,3888,3259,1,0.008641,0.104678,169.274902,60.000031,2.000000,2076.421875,26.885878,0.006504,0.003479,0.007844,0.000853,0.000000,0,20.12,1.09
0.070000,3888,3259,1,0.008862,0.835563,169.275421,59.999973,1.999998,293.758148,6.128186,0.006497,0.003792,0.007883,0.001007,0.000000,0,20.07,1.07
0.080000,3888,3259,1,0.009087,1.577312,169.275269,60.000008,2.000000,175.593964,4.734385,0.006503,0.004024,0.010546,0.001107,0.000000,0,19.93,1.10
0.090000,3888,3259,1,0.008795,2.062604,169.275208,60.000168,2.000000,136.130020,4.327960,0.006503,0.004174,0.009858,0.001156,0.000000,0,20.21,1.13
0.100000,3888,3259,1,0.008978,1.066612,169.275314,60.000122,1.999999,119.715744,4.415841,0.006500,0.004243,0.009422,0.001156,0.000000,0,19.91,1.13
